NTA;OpenStreetMap
Newark Airport;Newark Liberty International Airport
Jamaica Bay;Jamaica Bay, Queens
Allerton/Pelham Gardens;Allerton, Pelham Gardens, Bronx
Alphabet City;Alphabet City, Manhattan
Arden Heights;Arden Heights, Staten Island
Arrochar/Fort Wadsworth;Arrochar, Fort Wadsworth, Staten Island
Astoria;Astoria, Queens
Astoria Park;Astoria Park, Queens
Auburndale;Auburndale, Queens
Baisley Park;Baisley Park, Queens
Bath Beach;Bath Beach, Brooklyn
Battery Park;Battery Park, Manhattan
Battery Park City;Battery Park City, Manhattan
Bay Ridge;Bay Ridge, Brooklyn
Bay Terrace/Fort Totten;Bay Terrace, Fort Totten
Bayside;Bayside, Queens
Bedford;Bedford, Brooklyn
Bedford Park;Bedford Park, Brooklyn
Bellerose;Bellerose, Queens
Belmont;Belmont, Bronx
Bensonhurst East;Bensonhurst, Brooklyn
Bensonhurst West;Bensonhurst, Brooklyn
Bloomfield/Emerson Hill;Bloomfield, Emerson Hill, Staten Island
Bloomingdale;Bloomingdale
Boerum Hill;Boerum Hill, Brooklyn
Borough Park;Borough Park, Brooklyn
Breezy Point/Fort Tilden/Riis Beach;Breezy Point, Fort Tilden, Riis Beach
Briarwood/Jamaica Hills;Briarwood, Jamaica Hills, Queens
Brighton Beach;Brighton Beach, Brooklyn
Broad Channel;Broad Channel, Queens
Bronx Park;Bronx Park, Bronx
Bronxdale;Bronxdale, Bronx
Brooklyn Heights;Brooklyn Heights, Brooklyn
Brooklyn Navy Yard;Brooklyn Navy Yard, Brooklyn
Brownsville;Brownsville, Brooklyn
Bushwick North;Bushwick, Brooklyn
Bushwick South;Bushwick, Brooklyn
Cambria Heights;Cambria Heights, Queens
Canarsie;Canarsie, Brooklyn
Carroll Gardens;Carroll Gardens, Brooklyn
Central Harlem;Central Harlem, Manhattan
Central Harlem North;Central Harlem, Manhattan
Central Park;Central Park, Manhattan
Charleston/Tottenville;Charleston, Tottenville, Staten Island
Chinatown;Chinatown, Manhattan
City Island;City Island, Bronx
Claremont/Bathgate;Claremont, Bathgate, Bronx
Clinton East;Hell's Kitchen, Manhattan
Clinton Hill;Clinton Hill, Brooklyn
Clinton West;Hell's Kitchen, Manhattan
Co-Op City;Co-Op City, Bronx
Cobble Hill;Cobble Hill, Brooklyn
College Point;College Point, Queens
Columbia Street;Columbia Street, Brooklyn
Coney Island;Coney Island, Brooklyn
Corona;Corona, Queens
Corona;Corona, Queens
Country Club;Country Club, Bronx
Crotona Park;Crotona Park, Bronx
Crotona Park East;Crotona Park, Bronx
Crown Heights North;Crown Heights, Brooklyn
Crown Heights South;Crown Heights, Brooklyn
Cypress Hills;Cypress Hills, Brooklyn
DUMBO/Vinegar Hill;DUMBO, Vinegar Hill, Brooklyn
Douglaston;Douglaston, Queens
Downtown Brooklyn/MetroTech;Downtown Brooklyn, Brooklyn
Dyker Heights;Dyker Heights, Brooklyn
East Chelsea;Chelsea, Manhattan
East Concourse/Concourse Village;Concourse Village, Bronx
East Elmhurst;East Elmhurst, Queens
East Flatbush/Farragut;East Flatbush, Brooklyn
East Flatbush/Remsen Village;East Flatbush, Brooklyn
East Flushing;Flushing, Queens
East Harlem North;East Harlem, Manhattan
East Harlem South;East Harlem, Manhattan
East New York;East New York, Brooklyn
East New York/Pennsylvania Avenue;East New York, Brooklyn
East Tremont;East Tremont, Bronx
East Village;East Village, Manhattan
East Williamsburg;Williamsburg, Brooklyn
Eastchester;Eastchester, Bronx
Elmhurst;Elmhurst, Queens
Elmhurst/Maspeth;Elmhurst, Maspeth, Queens
Eltingville/Annadale/Prince's Bay;Eltingville, Annadale, Prince's Bay, Staten Island
Erasmus;Erasmus
Far Rockaway;Far Rockaway, Queens
Financial District North;Financial District, Manhattan
Financial District South;Financial District, Manhattan
Flatbush/Ditmas Park;Flatbush, Ditmas Park, Brooklyn
Flatlands;Flatlands, Brooklyn
Flushing;Flushing, Queens
Flushing Meadows-Corona Park;Flushing Meadows-Corona Park, Queens
Fordham South;Fordham, Bronx
Forest Hills;Forest Hills, Queens
Forest Park/Highland Park;Forest Park, Highland Park
Fort Greene;Fort Greene, Brooklyn
Fresh Meadows;Fresh Meadows, Queens
Freshkills Park;Freshkills Park, Staten Island
Garment District;Garment District, Manhattan
Gerritsen Beach;Gerritsen Beach, Brooklyn
Glen Oaks;Glen Oaks, Queens
Glendale;Glendale, Queens
Governors Island/Ellis Island/Liberty Island;Governors Island, Manhattan
Gowanus;Gowanus, Brooklyn
Gramercy;Gramercy, Manhattan
Graniteville/Mariners Harbor;Graniteville, Mariners Harbor, Staten Island
Gravesend;Gravesend, Brooklyn
Great Kills;Great Kills, Staten Island
Great Kills Park;Great Kills Park, Staten Island
Green-Wood Cemetery;Green-Wood Cemetery, Brooklyn
Greenpoint;Greenpoint, Brooklyn
Greenwich Village North;Greenwich Village, Manhattan
Greenwich Village South;Greenwich Village, Manhattan
Grymes Hill/Clifton;Grymes Hill, Staten Island
Hamilton Heights;Hamilton Heights, Manhattan
Hammels/Arverne;Hammels, Arverne, Queens
Heartland Village/Todt Hill;Heartland Village, Todt Hill, Staten Island
Highbridge;Highbridge, Bronx
Highbridge Park;Highbridge Park, Manhattan
Hillcrest/Pomonok;Hillcrest, Queens
Hollis;Hollis, Queens
Homecrest;Homecrest, Brooklyn
Howard Beach;Howard Beach, Queens
Hudson Yards/Chelsea;Hudson Yards, Chelsea, Manhattan
Hunts Point;Hunts Point, Bronx
Inwood;Inwood, Manhattan
Inwood Hill Park;Inwood Hill Park
Jackson Heights;Jackson Heights, Queens
Jamaica;Jamaica, Queens
Jamaica Estates;Jamaica Estates, Queens
Janesville;Janesville
JFK Airport;John F. Kennedy International Airport
Kensington;Kensington, Brooklyn
Kew Gardens;Kew Gardens, Queens
Kew Gardens Hills;Kew Gardens Hills, Queens
Kingsbridge Heights;Kingsbridge, Bronx
Kips Bay;Kips Bay, Manhattan
LaGuardia Airport;LaGuardia Airport
Laurelton;Laurelton, Queens
Lenox Hill East;Lenox Hill, Manhattan
Lenox Hill West;Lenox Hill, Manhattan
Lincoln Square East;Lincoln Square, Manhattan
Lincoln Square West;Lincoln Square, Manhattan
Little Italy/NoLiTa;Little Italy, Manhattan
Long Island City/Hunters Point;Long Island City, Hunters Point, Queens
Long Island City/Queens Plaza;Long Island City, Queens
Longwood;Longwood, Bronx
Lower East Side;Lower East Side, Manhattan
Madison;Madison, Brooklyn
Manhattan Beach;Manhattan Beach
Manhattan Valley;Manhattan Valley, Manhattan
Manhattanville;Manhattanville, Manhattan
Marine Park/Floyd Bennett Field;Marine Park, Brooklyn
Marine Park/Mill Basin;Marine Park, Mill Basin, Brooklyn
Mariners Harbor;Mariners Harbor, Staten Island
Maspeth;Maspeth, Queens
Melrose South;Melrose, Bronx
Middle Village;Middle Village, Queens
Midland Beach;Midland Beach, Staten Island
Midtown Center;Midtown, Manhattan
Midtown East;Midtown, Manhattan
Midtown North;Midtown, Manhattan
Midtown South;Midtown, Manhattan
Midwood;Midwood, Brooklyn
Morningside Heights;Morningside Heights, Manhattan
Morrisania/Belmont;Morrisania, Belmont, Bronx
Mott Haven/Port Morris;Mott Haven, Port Morris, Bronx
Mount Hope;Mount Hope, Bronx
Murray Hill;Murray Hill, Manhattan
Murray Hill-Queens;Murray Hill, Queens
Navy Yard;Brooklyn Navy Yard, Brooklyn
New Dorp/Midland Beach;New Dorp, Midland Beach, Staten Island
North Corona;Corona, Queens
North Riverdale/Fieldston;North Riverdale, Bronx
Norwood;Norwood, Bronx
Oakland Gardens;Oakland Gardens, Queens
Ocean Hill;Ocean Hill, Brooklyn
Ocean Parkway South;Ocean Parkway, Brooklyn
Old Astoria;Old Astoria, Queens
Ozone Park;Ozone Park, Queens
Park Slope;Park Slope, Brooklyn
Parkchester;Parkchester, Bronx
Pelham Bay;Pelham Bay, Bronx
Pelham Bay Park;Pelham Bay Park, Bronx
Pelham Gardens;Pelham Gardens, Bronx
Penn Station/Madison Sq Garden;Penn Station, Manhattan
Port Richmond;Port Richmond, Staten Island
Prospect Heights;Prospect Heights, Brooklyn
Prospect Park;Prospect Park, Brooklyn
Prospect-Lefferts Gardens;Prospect-Lefferts Gardens, Brooklyn
Queens Village;Queens Village, Queens
Queensboro Hill;Queensboro Hill, Queens
Queensbridge/Ravenswood;Queensbridge, Queens
Red Hook;Red Hook, Brooklyn
Rego Park;Rego Park, Queens
Richmond Hill;Richmond Hill, Queens
Ridgewood;Ridgewood, Queens
Riker's Island;Riker's Island
Rockaway Park;Rockaway Park, Queens
Roosevelt Island;Roosevelt Island, Manhattan
Rosedale;Rosedale, Queens
Rossville/Woodrow;Rossville, Woodrow, Staten Island
Saint Albans;Saint Albans, Queens
Saint George/New Brighton;Saint George, Staten Island
Schuylerville/Pelham Bay;Schuylerville, Pelham Bay, Bronx
Sea Gate;Sea Gate, Brooklyn
Seaport;South Street Seaport, Manhattan
Sheepshead Bay;Sheepshead Bay, Brooklyn
SoHo;SoHo, Manhattan
Soundview/Bruckner;Soundview, Bronx
Soundview/Castle Hill;Soundview, Castle Hill, Bronx
South Beach/Dongan Hills;South Beach, Dongan Hills, Staten Island
South Jamaica;South Jamaica, Queens
South Ozone Park;South Ozone Park, Queens
Springfield Gardens North;Springfield Gardens, Queens
Springfield Gardens South;Springfield Gardens, Queens
Spuyten Duyvil/Kingsbridge;Spuyten Duyvil, Kingsbridge, Bronx
Stapleton;Stapleton, Staten Island
Starrett City;Starrett City, Brooklyn
Steinway;Steinway, Queens
Stuy Town/Peter Cooper Village;Stuyvesant Town, Manhattan
Stuyvesant Heights;Stuyvesant Heights, Brooklyn
Sunnyside;Sunnyside, Queens
Sunset Park East;Sunset Park, Brooklyn
Sunset Park West;Sunset Park, Brooklyn
Sutton Place/Turtle Bay North;Sutton Place, Manhattan
Throgs Neck;Throgs Neck, Bronx
Times Sq/Theatre District;Times Square, Manhattan
TriBeCa/Civic Center;Tribeca, Manhattan
Two Bridges/Seward Park;Two Bridges, Manhattan
UN/Turtle Bay South;Turtle Bay, Manhattan
Union Sq;Union Square, Manhattan
University Heights/Morris Heights;University Heights, Morris Heights, Bronx
Upper East Side North;Yorkville, Manhattan
Upper East Side South;Lenox Hill, Manhattan
Upper West Side North;Upper West Side, Manhattan
Upper West Side South;Upper West Side, Manhattan
Van Cortlandt Park;Van Cortlandt Park, Bronx
Van Cortlandt Village;Van Cortlandt Village, Bronx
Van Nest/Morris Park;Van Nest, Morris Park, Bronx
Wakefield/Williamsbridge;Wakefield, Williamsbridge, Bronx
Washington Heights North;Washington Heights, Manhattan
Washington Heights South;Washington Heights, Manhattan
West Brighton;West Brighton, Staten Island
West Chelsea/Hudson Yards;Chelsea, Hudson Yards, Manhattan
West Concourse;West Concourse, Bronx
West Village;West Village, Manhattan
Westchester Village/Unionport;Westchester Village, Unionport, Bronx
Westerleigh;Westerleigh, Staten Island
Whitestone;Whitestone, Queens
Willets Point;Willets Point, Queens
Williamsburg (North Side);Williamsburg, Brooklyn
Williamsburg (South Side);Williamsburg, Brooklyn
Windsor Terrace;Windsor Terrace, Brooklyn
Woodhaven;Woodhaven, Queens
Woodlawn/Wakefield;Woodlawn, Bronx
Woodside;Woodside, Queens
World Trade Center;World Trade Center, Manhattan
Yorkville East;Yorkville, Manhattan
Yorkville West;Yorkville, Manhattan
Outside of NYC;Outside of NYC
